n,e_value,log_e,cond_power,delta_log_e,DV
2,1.182138685,0.167325243,NA,0.167325243,Pig
3,1.38242638,0.323840201,NA,0.156514959,Pig
4,1.40228694,0.338104432,NA,0.014264231,Pig
5,1.381279497,0.323010241,NA,-0.015094191,Pig
6,1.12313049,0.116119867,NA,-0.206890374,Pig
7,1.228885552,0.206107703,NA,0.089987836,Pig
8,1.117469087,0.111066384,NA,-0.095041319,Pig
9,0.913931185,-0.09,NA,-0.201066384,Pig
10,0.979174628,-0.021045278,NA,0.068954722,Pig
11,0.973310189,-0.027052451,NA,-0.006007172,Pig
12,0.642257925,-0.442765303,NA,-0.415712852,Pig
13,0.829130068,-0.187378238,NA,0.255387065,Pig
14,0.78036162,-0.247997851,NA,-0.060619612,Pig
15,0.770051622,-0.261297725,NA,-0.013299874,Pig
16,0.612325007,-0.49049208,NA,-0.229194356,Pig
17,0.539161247,-0.617740593,NA,-0.127248513,Pig
18,0.527678081,-0.639268876,NA,-0.021528283,Pig
19,0.582821867,-0.539873685,NA,0.099395191,Pig
20,0.774711031,-0.255265183,0.59,0.284608502,Pig
21,0.810584246,-0.21,NA,0.045265183,Pig
22,0.716529817,-0.333335418,NA,-0.123335418,Pig
23,0.631660452,-0.459403288,NA,-0.12606787,Pig
24,0.660931521,-0.414105043,NA,0.045298245,Pig
25,0.615849064,-0.484753371,NA,-0.070648327,Pig
26,0.644425313,-0.439396348,NA,0.045357023,Pig
27,0.676396847,-0.390975323,NA,0.048421024,Pig
28,0.558128486,-0.583166081,NA,-0.192190758,Pig
29,0.494889856,-0.703420054,NA,-0.120253973,Pig
30,0.516808394,-0.660083085,0.518,0.043336969,Pig
31,0.411830678,-0.887142989,NA,-0.227059904,Pig
32,0.424760321,-0.85623022,NA,0.030912769,Pig
33,0.364278974,-1.009835294,NA,-0.153605073,Pig
34,0.366096535,-1.004858224,NA,0.00497707,Pig
35,0.325542133,-1.122263383,NA,-0.11740516,Pig
36,0.318705989,-1.143486264,NA,-0.021222881,Pig
37,0.28553968,-1.253374277,NA,-0.109888012,Pig
38,0.36863637,-0.997944567,NA,0.25542971,Pig
39,0.300477486,-1.202382449,NA,-0.204437882,Pig
40,0.364431493,-1.009416692,0.426,0.192965758,Pig
41,0.295325771,-1.219676224,NA,-0.210259532,Pig
42,0.27718441,-1.283072254,NA,-0.06339603,Pig
43,0.286291646,-1.250744246,NA,0.032328008,Pig
44,0.253844924,-1.371031734,NA,-0.120287488,Pig
45,0.204672248,-1.586345372,NA,-0.215313637,Pig
46,0.165105179,-1.80117256,NA,-0.214827189,Pig
47,0.179367602,-1.718317934,NA,0.082854626,Pig
48,0.175924167,-1.737702244,NA,-0.019384309,Pig
49,0.21490134,-1.537576241,NA,0.200126002,Pig
50,0.234544371,-1.450110495,0.368,0.087465746,Pig
51,0.173047019,-1.754191935,NA,-0.304081441,Pig
52,0.169846751,-1.772858712,NA,-0.018666776,Pig
53,0.157909956,-1.845730306,NA,-0.072871595,Pig
54,0.172199687,-1.759100503,NA,0.086629804,Pig
55,0.14017501,-1.964863564,NA,-0.205763062,Pig
56,0.153167042,-1.876226175,NA,0.08863739,Pig
57,0.135279285,-2.000413859,NA,-0.124187685,Pig
58,0.14078422,-1.960526918,NA,0.039886941,Pig
59,0.135996084,-1.995129185,NA,-0.034602267,Pig
60,0.148168845,-1.909402812,0.286,0.085726373,Pig
61,0.125637958,-2.074350857,NA,-0.164948045,Pig
62,0.101116692,-2.291480065,NA,-0.217129208,Pig
63,0.100402996,-2.29856323,NA,-0.007083165,Pig
64,0.099633909,-2.30625272,NA,-0.00768949,Pig
65,0.103530152,-2.267892381,NA,0.038360339,Pig
66,0.100121434,-2.301371492,NA,-0.033479111,Pig
67,0.09815339,-2.321223816,NA,-0.019852324,Pig
68,0.092001816,-2.38594696,NA,-0.064723144,Pig
69,0.126167119,-2.070147912,NA,0.315799048,Pig
70,0.107313669,-2.231999246,0.24,-0.161851334,Pig
71,0.090849251,-2.398553726,NA,-0.16655448,Pig
72,0.090099887,-2.406836364,NA,-0.008282638,Pig
73,0.079820581,-2.527973899,NA,-0.121137535,Pig
74,0.074807385,-2.592838671,NA,-0.064864773,Pig
75,0.081353212,-2.508954965,NA,0.083883707,Pig
76,0.060446872,-2.805990441,NA,-0.297035476,Pig
77,0.059274869,-2.825569853,NA,-0.019579412,Pig
78,0.058761583,-2.834266985,NA,-0.008697132,Pig
79,0.055029246,-2.899890485,NA,-0.0656235,Pig
80,0.071434717,-2.638971293,0.168,0.260919192,Pig
81,0.082106338,-2.49974007,NA,0.139231223,Pig
82,0.111958087,-2.189630704,NA,0.310109366,Pig
83,0.110888599,-2.199229195,NA,-0.009598491,Pig
84,0.109805672,-2.20904309,NA,-0.009813894,Pig
85,0.1331372,-2.016375101,NA,0.192667988,Pig
86,0.145178875,-1.929788675,NA,0.086586426,Pig
87,0.158701892,-1.84072773,NA,0.089060945,Pig
88,0.149001336,-1.903800008,NA,-0.063072278,Pig
89,0.115257982,-2.160582338,NA,-0.25678233,Pig
90,0.127544519,-2.059289807,0.228,0.101292532,Pig
91,0.113816134,-2.173170996,NA,-0.11388119,Pig
92,0.106454906,-2.240033797,NA,-0.066862801,Pig
93,0.094858982,-2.35536389,NA,-0.115330093,Pig
94,0.073290394,-2.613325732,NA,-0.257961842,Pig
95,0.068440478,-2.681790849,NA,-0.068465118,Pig
96,0.083063694,-2.48814757,NA,0.193643279,Pig
97,0.077963059,-2.551520169,NA,-0.063372599,Pig
98,0.06022857,-2.809608446,NA,-0.258088278,Pig
99,0.056507099,-2.873388997,NA,-0.06378055,Pig
100,0.04394982,-3.124706762,0.082,-0.251317765,Pig
101,0.039132892,-3.240791941,NA,-0.116085179,Pig
102,0.040606528,-3.203826447,NA,0.036965494,Pig
103,0.040222675,-3.213324396,NA,-0.00949795,Pig
104,0.034071988,-3.379279707,NA,-0.16595531,Pig
105,0.033448456,-3.397749654,NA,-0.018469947,Pig
106,0.032844201,-3.415980073,NA,-0.018230419,Pig
107,0.032251311,-3.434196591,NA,-0.018216517,Pig
108,0.030037333,-3.505314248,NA,-0.071117657,Pig
109,0.026929936,-3.614516732,NA,-0.109202485,Pig
110,0.036895183,-3.299674292,NA,0.31484244,Pig
111,0.042437779,-3.159716299,NA,0.139957993,Pig
112,0.057823769,-2.850355367,NA,0.309360932,Pig
113,0.078426213,-2.545597057,NA,0.30475831,Pig
114,0.063900981,-2.750420567,NA,-0.20482351,Pig
115,0.054254917,-2.914061652,NA,-0.163641085,Pig
116,0.056351939,-2.876138626,NA,0.037923026,Pig
117,0.061506203,-2.788617249,NA,0.087521377,Pig
118,0.078686321,-2.542285957,NA,0.246331292,Pig
119,0.070110969,-2.65767602,NA,-0.115390063,Pig
120,0.076467592,-2.570888268,NA,0.086787752,Pig
121,0.071587035,-2.636841294,NA,-0.065953026,Pig
122,0.078271699,-2.547569187,NA,0.089272107,Pig
123,0.063214643,-2.761219305,NA,-0.213650118,Pig
124,0.059353231,-2.824248727,NA,-0.063029422,Pig
125,0.058489647,-2.83890551,NA,-0.014656783,Pig
126,0.063867216,-2.750949099,NA,0.087956411,Pig
127,0.051515839,-2.965865975,NA,-0.214916875,Pig
128,0.062737098,-2.768802324,NA,0.19706365,Pig
129,0.06526114,-2.729358517,NA,0.039443808,Pig
130,0.067698408,-2.69269262,NA,0.036665897,Pig
131,0.060302589,-2.808380244,NA,-0.115687624,Pig
132,0.073509998,-2.610333856,NA,0.198046388,Pig
133,0.076510381,-2.570328845,NA,0.040005012,Pig
134,0.064769902,-2.736914254,NA,-0.166585409,Pig
135,0.052259368,-2.951536117,NA,-0.214621863,Pig
136,0.049035782,-3.01520501,NA,-0.063668893,Pig
137,0.041632506,-3.178874024,NA,-0.163669015,Pig
138,0.048025109,-3.036031307,NA,0.142842717,Pig
139,0.040630282,-3.203241635,NA,-0.167210328,Pig
140,0.039963161,-3.219797234,NA,-0.016555599,Pig
141,0.039380643,-3.23448087,NA,-0.014683636,Pig
142,0.028901736,-3.543853619,NA,-0.309372749,Pig
143,0.02845985,-3.559260963,NA,-0.015407343,Pig
144,0.025308444,-3.676617174,NA,-0.117356211,Pig
145,0.02041735,-3.891370232,NA,-0.214753058,Pig
146,0.022341912,-3.801290898,NA,0.090079334,Pig
147,0.021992107,-3.817071663,NA,-0.015780765,Pig
148,0.021647902,-3.832846736,NA,-0.015775073,Pig
149,0.019236571,-3.950942051,NA,-0.118095316,Pig
150,0.01704819,-4.071711213,NA,-0.120769162,Pig
151,0.016773622,-4.08794776,NA,-0.016236547,Pig
152,0.016503584,-4.104177717,NA,-0.016229957,Pig
153,0.019087148,-3.958740059,NA,0.145437658,Pig
154,0.024736774,-3.699464309,NA,0.259275749,Pig
155,0.02474715,-3.699044948,NA,4.19E-04,Pig
156,0.023200845,-3.763566562,NA,-0.064521615,Pig
157,0.022852007,-3.778716322,NA,-0.01514976,Pig
158,0.019283019,-3.948530438,NA,-0.169814116,Pig
159,0.014847684,-4.209911402,NA,-0.261380964,Pig
160,0.014578708,-4.228193193,NA,-0.018281791,Pig
161,0.015938755,-4.13900174,NA,0.089191453,Pig
162,0.014868325,-4.208522141,NA,-0.0695204,Pig
163,0.020451972,-3.889675957,NA,0.318846183,Pig
164,0.028030776,-3.57445223,NA,0.315223727,Pig
165,0.029187526,-3.534013847,NA,0.040438384,Pig
166,0.031955349,-3.443415689,NA,0.090598157,Pig
167,0.024547688,-3.707137616,NA,-0.263721927,Pig
168,0.0299572,-3.507985574,NA,0.199152042,Pig
169,0.031104951,-3.470388266,NA,0.037597308,Pig
170,0.032304867,-3.432537377,NA,0.037850888,Pig
171,0.031866301,-3.446206237,NA,-0.01366886,Pig
172,0.038948573,-3.245513135,NA,0.200693102,Pig
173,0.0427063,-3.153408835,NA,0.0921043,Pig
174,0.055269669,-2.895531009,NA,0.257877826,Pig
175,0.057613482,-2.85399868,NA,0.041532329,Pig
176,0.046296904,-3.072680189,NA,-0.218681509,Pig
177,0.056604824,-2.871661065,NA,0.201019124,Pig
178,0.072972998,-2.617665791,NA,0.253995275,Pig
179,0.094052953,-2.363897324,NA,0.253768467,Pig
180,0.103578264,-2.267427774,NA,0.096469549,Pig
181,0.083369472,-2.484473076,NA,-0.217045302,Pig
182,0.087266931,-2.438783689,NA,0.045689387,Pig
183,0.077869751,-2.552717706,NA,-0.113934016,Pig
184,0.08995429,-2.408453625,NA,0.144264081,Pig
185,0.093864641,-2.365901529,NA,0.042552096,Pig
186,0.083752154,-2.479893391,NA,-0.113991862,Pig
187,0.078708239,-2.542007439,NA,-0.062114048,Pig
188,0.070201115,-2.656391091,NA,-0.114383652,Pig
189,0.059532601,-2.821231195,NA,-0.164840103,Pig
190,0.065578598,-2.724505891,NA,0.096725304,Pig
191,0.061547759,-2.787941834,NA,-0.063435943,Pig
192,0.060840325,-2.799502477,NA,-0.011560643,Pig
193,0.054349877,-2.912312937,NA,-0.11281046,Pig
194,0.048556795,-3.025021142,NA,-0.112708206,Pig
195,0.050698578,-2.981857416,NA,0.043163726,Pig
196,0.052819296,-2.940878709,NA,0.040978707,Pig
197,0.042672588,-3.154198534,NA,-0.213319825,Pig
198,0.040387693,-3.209230167,NA,-0.055031633,Pig
199,0.034250025,-3.374067988,NA,-0.164837821,Pig
200,0.032275647,-3.433442303,NA,-0.059374315,Pig
201,0.035331327,-3.342985245,NA,0.090457058,Pig
202,0.033179537,-3.40582194,NA,-0.062836695,Pig
203,0.031106625,-3.470334468,NA,-0.064512528,Pig
204,0.037834755,-3.274527161,NA,0.195807307,Pig
205,0.043711043,-3.130154515,NA,0.144372645,Pig
206,0.043304465,-3.139499536,NA,-0.00934502,Pig
207,0.04280144,-3.151183542,NA,-0.011684006,Pig
208,0.044522055,-3.111770601,NA,0.039412941,Pig
209,0.046388901,-3.070695044,NA,0.041075557,Pig
210,0.05084118,-2.97904863,NA,0.091646414,Pig
211,0.043076238,-3.144783759,NA,-0.16573513,Pig
212,0.034687928,-3.361363543,NA,-0.216579784,Pig
213,0.032817018,-3.41680806,NA,-0.055444516,Pig
214,0.039937948,-3.22042832,NA,0.19637974,Pig
215,0.0291931,-3.533822906,NA,-0.313394586,Pig
216,0.028810171,-3.547026789,NA,-0.013203883,Pig
217,0.036977975,-3.297432823,NA,0.249593966,Pig
218,0.033058482,-3.409477099,NA,-0.112044276,Pig
219,0.026689472,-3.623486107,NA,-0.214009008,Pig
220,0.022641392,-3.787975559,NA,-0.164489451,Pig
221,0.022364794,-3.800267232,NA,-0.012291673,Pig
222,0.022161652,-3.809391877,NA,-0.009124645,Pig
223,0.018787831,-3.974545885,NA,-0.165154008,Pig
224,0.022852909,-3.778676856,NA,0.195869029,Pig
225,0.022575826,-3.790875588,NA,-0.012198733,Pig
226,0.030541426,-3.488671288,NA,0.3022043,Pig
227,0.033463789,-3.397291365,NA,0.091379923,Pig
228,0.033149556,-3.406725944,NA,-0.009434579,Pig
229,0.036325869,-3.315225148,NA,0.091500796,Pig
230,0.044164034,-3.119844536,NA,0.195380612,Pig
231,0.048452629,-3.027168675,NA,0.092675861,Pig
232,0.065316122,-2.728516379,NA,0.298652295,Pig
233,0.061434816,-2.789778575,NA,-0.061262196,Pig
234,0.078559824,-2.543894861,NA,0.245883714,Pig
235,0.09062632,-2.401010596,NA,0.142884265,Pig
236,0.089726646,-2.410987499,NA,-0.009976903,Pig
237,0.108925211,-2.21709377,NA,0.19389373,Pig
238,0.10783427,-2.22715977,NA,-0.010066001,Pig
239,0.112353151,-2.186108233,NA,0.041051537,Pig
240,0.105714904,-2.247009392,NA,-0.060901159,Pig
241,0.0994642,-2.307957503,NA,-0.060948111,Pig
242,0.076318967,-2.572833786,NA,-0.264876283,Pig
243,0.071822596,-2.633556145,NA,-0.060722359,Pig
244,0.096470027,-2.338522917,NA,0.295033228,Pig
245,0.095506606,-2.348559859,NA,-0.010036942,Pig
246,0.104676465,-2.256880971,NA,0.091678889,Pig
247,0.109059947,-2.21585758,NA,0.041023391,Pig
248,0.113663962,-2.174508881,NA,0.041348699,Pig
249,0.101667525,-2.286047349,NA,-0.111538468,Pig
250,0.082084999,-2.5,NA,-0.213952651,Pig
251,0.094709924,-2.356936489,NA,0.143063511,Pig
252,0.093786496,-2.3667344,NA,-0.009797911,Pig
253,0.102864764,-2.274340122,NA,0.092394278,Pig
254,0.118758341,-2.130664595,NA,0.143675527,Pig
255,0.159496403,-1.83573391,NA,0.294930685,Pig
256,0.166238626,-1.794331018,NA,0.041402892,Pig
257,0.222881378,-1.501115587,NA,0.293215432,Pig
258,0.19878096,-1.615551763,NA,-0.114436176,Pig
259,0.197048157,-1.624307131,NA,-0.008755367,Pig
260,0.159176504,-1.837741606,NA,-0.213434475,Pig
261,0.149952335,-1.897437801,NA,-0.059696194,Pig
262,0.164564313,-1.804453824,NA,0.092983976,Pig
263,0.147278585,-1.91542935,NA,-0.110975526,Pig
264,0.197501613,-1.622008525,NA,0.293420825,Pig
265,0.143768124,-1.93955353,NA,-0.317545004,Pig
266,0.142304379,-1.949786999,NA,-0.010233469,Pig
267,0.12739922,-2.060429655,NA,-0.110642656,Pig
268,0.154553039,-1.867217945,NA,0.19321171,Pig
269,0.197033174,-1.624383169,NA,0.242834776,Pig
270,0.216267615,-1.53123868,NA,0.093144489,Pig
271,0.225708334,-1.48851167,NA,0.042727011,Pig
272,0.19194995,-1.650520618,NA,-0.162008948,Pig
273,0.190341119,-1.658937454,NA,-0.008416836,Pig
274,0.188693984,-1.667628708,NA,-0.008691253,Pig
275,0.207242152,-1.573867353,NA,0.093761355,Pig
276,0.216068351,-1.532160483,NA,0.04170687,Pig
277,0.21423807,-1.540667406,NA,-0.008506923,Pig
278,0.163837396,-1.808880834,NA,-0.268213428,Pig
279,0.146562791,-1.920301335,NA,-0.111420501,Pig
280,0.112263985,-2.186902173,NA,-0.266600838,Pig
281,0.095378819,-2.349898749,NA,-0.162996576,Pig
282,0.104640771,-2.257222024,NA,0.092676725,Pig
283,0.114820191,-2.164387926,NA,0.092834098,Pig
284,0.092548734,-2.380019922,NA,-0.215631996,Pig
285,0.101565721,-2.287049195,NA,0.092970727,Pig
286,0.123365737,-2.092601864,NA,0.194447331,Pig
287,0.142493926,-1.948455908,NA,0.144145956,Pig
288,0.127309667,-2.06113284,NA,-0.112676932,Pig
289,0.108145273,-2.224279838,NA,-0.163146998,Pig
290,0.112759834,-2.182495085,NA,0.041784754,Pig
291,0.111609711,-2.192747215,NA,-0.010252131,Pig
292,0.10500706,-2.253727689,NA,-0.060980474,Pig
293,0.084624307,-2.469533731,NA,-0.215806042,Pig
294,0.083593793,-2.481786006,NA,-0.012252274,Pig
295,0.071049086,-2.644384292,NA,-0.162598287,Pig
296,0.086238883,-2.450634126,NA,0.193750167,Pig
297,0.077131005,-2.562249939,NA,-0.111615813,Pig
298,0.07641577,-2.571566192,NA,-0.009316253,Pig
299,0.092796515,-2.377346193,NA,0.194219999,Pig
300,0.101801616,-2.284729299,NA,0.092616894,Pig
301,0.106004099,-2.244277512,NA,0.040451787,Pig
302,0.105037231,-2.253440407,NA,-0.009162894,Pig
303,0.127578573,-2.059022842,NA,0.194417564,Pig
304,0.147330814,-1.915074787,NA,0.143948056,Pig
305,0.125188986,-2.077930796,NA,-0.162856009,Pig
306,0.130551624,-2.035986547,NA,0.04194425,Pig
307,0.094885378,-2.355085666,NA,-0.31909912,Pig
308,0.098802953,-2.314627785,NA,0.040457881,Pig
309,0.103054769,-2.272494695,NA,0.04213309,Pig
310,0.083089184,-2.487840742,NA,-0.215346047,Pig
311,0.106075839,-2.243600981,NA,0.244239761,Pig
312,0.085627539,-2.457748334,NA,-0.214147353,Pig
313,0.109273978,-2.213896994,NA,0.243851341,Pig
314,0.113875962,-2.172645473,NA,0.041251521,Pig
315,0.118676854,-2.131350992,NA,0.041294481,Pig
316,0.11762049,-2.140292021,NA,-0.008941028,Pig
317,0.135802572,-1.996553122,NA,0.143738899,Pig
318,0.109468323,-2.212120062,NA,-0.215566941,Pig
319,0.139660227,-1.968542758,NA,0.243577304,Pig
320,0.124969575,-2.079684975,NA,-0.111142217,Pig
321,0.14426964,-1.93607123,NA,0.143613744,Pig
322,0.14301946,-1.944774574,NA,-0.008703343,Pig
323,0.156945205,-1.851858548,NA,0.092916026,Pig
324,0.140406738,-1.963211796,NA,-0.111353249,Pig
325,0.146366194,-1.921643616,NA,0.04156818,Pig
326,0.145105726,-1.930292656,NA,-0.00864904,Pig
327,0.129785546,-2.041871835,NA,-0.111579179,Pig
328,0.115710019,-2.156668056,NA,-0.114796222,Pig
329,0.140517935,-1.962420144,NA,0.194247913,Pig
330,0.154033635,-1.870584291,NA,0.091835853,Pig
331,0.145157435,-1.92993637,NA,-0.059352079,Pig
332,0.167691679,-1.785628232,NA,0.144308137,Pig
333,0.174835234,-1.743911267,NA,0.041716965,Pig
334,0.164544457,-1.804574487,NA,-0.06066322,Pig
335,0.163155305,-1.813052738,NA,-0.00847825,Pig
336,0.198268089,-1.618135182,NA,0.194917556,Pig
337,0.196633217,-1.626415129,NA,-0.008279948,Pig
338,0.263624098,-1.333231063,NA,0.293184067,Pig
339,0.274917719,-1.291283428,NA,0.041947635,Pig
340,0.25893627,-1.351173309,NA,-0.059889881,Pig
341,0.270041213,-1.30918069,NA,0.041992618,Pig
342,0.267904253,-1.317125625,NA,-0.007944935,Pig
343,0.324628697,-1.125073222,NA,0.192052403,Pig
344,0.261618429,-1.340868215,NA,-0.215794993,Pig
345,0.259541262,-1.348839584,NA,-0.007971369,Pig
346,0.270854518,-1.306173435,NA,0.042666148,Pig
347,0.20683116,-1.57585247,NA,-0.269679034,Pig
348,0.227345763,-1.481283237,NA,0.094569233,Pig
349,0.289826478,-1.238472888,NA,0.242810349,Pig
350,0.284300941,-1.257721951,NA,-0.019249063,Pig
351,0.267865431,-1.317270548,NA,-0.059548597,Pig
352,0.265742319,-1.325228166,NA,-0.007957618,Pig
353,0.203432369,-1.592421667,NA,-0.267193501,Pig
354,0.234024043,-1.452331423,NA,0.140090244,Pig
355,0.188952861,-1.666257705,NA,-0.213926282,Pig
356,0.160170772,-1.831514707,NA,-0.165257002,Pig
357,0.122695339,-2.098050916,NA,-0.266536209,Pig
358,0.094134633,-2.363029253,NA,-0.264978337,Pig
359,0.088619939,-2.423398405,NA,-0.060369152,Pig
360,0.079317605,-2.534295172,NA,-0.110896767,Pig
361,0.082734298,-2.492121035,NA,0.042174137,Pig
362,0.077946179,-2.551736702,NA,-0.059615667,Pig
363,0.104431082,-2.259227925,NA,0.292508777,Pig
364,0.093189646,-2.373118657,NA,-0.113890732,Pig
365,0.112805133,-2.182093437,NA,0.19102522,Pig
366,0.086611014,-2.446328291,NA,-0.264234854,Pig
367,0.07002197,-2.658946236,NA,-0.212617945,Pig
368,0.072944112,-2.618061717,NA,0.040884518,Pig
369,0.062080566,-2.779322292,NA,-0.161260574,Pig
370,0.061538221,-2.788096823,NA,-0.008774531,Pig
371,0.060974457,-2.797300247,NA,-0.009203425,Pig
372,0.070320582,-2.654690749,NA,0.142609498,Pig
373,0.05981196,-2.816549638,NA,-0.161858889,Pig
374,0.050872648,-2.978429864,NA,-0.161880226,Pig
375,0.05039972,-2.987769651,NA,-0.009339787,Pig
376,0.061132288,-2.794715109,NA,0.193054542,Pig
377,0.060507649,-2.804985496,NA,-0.010270387,Pig
378,0.069809866,-2.661979937,NA,0.143005559,Pig
379,0.076349132,-2.572438623,NA,0.089541314,Pig
380,0.06169929,-2.785482847,NA,-0.213044225,Pig
381,0.061068304,-2.795762309,NA,-0.010279461,Pig
382,0.070441862,-2.652967565,NA,0.142794743,Pig
383,0.06971915,-2.663280246,NA,-0.010312681,Pig
384,0.065688923,-2.722824966,NA,-0.05954472,Pig
385,0.058809804,-2.833446699,NA,-0.110621732,Pig
386,0.058234326,-2.843280299,NA,-0.0098336,Pig
387,0.074269525,-2.600054573,NA,0.243225726,Pig
388,0.054106452,-2.916801831,NA,-0.316747258,Pig
389,0.053622789,-2.925781129,NA,-0.008979298,Pig
390,0.041165204,-3.190161944,NA,-0.264380815,Pig
391,0.052450953,-2.947876771,NA,0.242285173,Pig
392,0.040272908,-3.212076286,NA,-0.264199515,Pig
393,0.036047247,-3.322924774,NA,-0.110848489,Pig
394,0.032251533,-3.434189687,NA,-0.111264913,Pig
395,0.026081074,-3.646545365,NA,-0.212355678,Pig
396,0.028568977,-3.555433855,NA,0.09111151,Pig
397,0.032928563,-3.413414835,NA,0.14201902,Pig
398,0.032595975,-3.423566473,NA,-0.010151638,Pig
399,0.033952061,-3.382805721,NA,0.040760752,Pig
400,0.026087577,-3.646296043,NA,-0.263490322,Pig
401,0.02582565,-3.656387105,NA,-0.010091062,Pig
402,0.019859874,-3.91905395,NA,-0.262666846,Pig
403,0.02529579,-3.677117301,NA,0.241936649,Pig
404,0.025041911,-3.687204407,NA,-0.010087106,Pig
405,0.026077461,-3.646683908,NA,0.040520499,Pig
406,0.03003384,-3.505430543,NA,0.141253365,Pig
407,0.029748281,-3.514983914,NA,-0.00955337,Pig
408,0.036033934,-3.323294165,NA,0.191689748,Pig
409,0.037530285,-3.282607082,NA,0.040687083,Pig
410,0.027424208,-3.596329153,NA,-0.313722071,Pig
411,0.021102326,-3.858372011,NA,-0.262042858,Pig
412,0.019868034,-3.918643185,NA,-0.060271174,Pig
413,0.016913492,-4.079643625,NA,-0.16100044,Pig
414,0.015922852,-4.14,NA,-0.060356375,Pig
415,0.018337997,-3.998780028,NA,0.141219972,Pig
416,0.018154918,-4.008813792,NA,-0.010033764,Pig
417,0.017970862,-4.019003598,NA,-0.010189805,Pig
418,0.013158071,-4.33071995,NA,-0.311716353,Pig
419,0.015146285,-4.19,NA,0.14071995,Pig
420,0.017436378,-4.049196566,NA,0.140803434,Pig
421,0.014118719,-4.260253789,NA,-0.211057223,Pig
422,0.016252811,-4.119489408,NA,0.140764381,Pig
423,0.01251726,-4.380646795,NA,-0.261157387,Pig
424,0.013030533,-4.340460012,NA,0.040186783,Pig
425,0.013565241,-4.300244555,NA,0.040215457,Pig
426,0.014850672,-4.20971016,NA,0.090534395,Pig
427,0.01202392,-4.420857309,NA,-0.211147149,Pig
428,0.009735541,-4.631972044,NA,-0.211114735,Pig
429,0.013033906,-4.340201191,NA,0.291770853,Pig
430,0.015002241,-4.199555716,NA,0.140645475,Pig
431,0.014854399,-4.209459213,NA,-0.009903496,Pig
432,0.016264365,-4.118778763,NA,0.09068045,Pig
433,0.016934498,-4.078402414,NA,0.040376349,Pig
434,0.018544363,-3.987589428,NA,0.090812986,Pig
435,0.021357549,-3.846350022,NA,0.141239406,Pig
436,0.025861378,-3.655004602,NA,0.19134542,Pig
437,0.025600207,-3.665154832,NA,-0.01015023,Pig
438,0.024105121,-3.725330974,NA,-0.060176142,Pig
439,0.023877079,-3.734836318,NA,-0.009505344,Pig
440,0.023636406,-3.74496713,NA,-0.010130812,Pig
441,0.024615689,-3.704371287,NA,0.040595843,Pig
442,0.024390178,-3.713574789,NA,-0.009203502,Pig
443,0.025402902,-3.67289185,NA,0.040682939,Pig
444,0.02517155,-3.682040878,NA,-0.009149028,Pig
445,0.023697584,-3.742382196,NA,-0.060341318,Pig
446,0.022312815,-3.802594084,NA,-0.060211888,Pig
447,0.02210702,-3.811860093,NA,-0.009266009,Pig
448,0.02081816,-3.871929616,NA,-0.060069523,Pig
454,0.035289306,-3.344175318,NA,0.527754299,Pig