n,e_value,log_e,cond_power,delta_log_e,DV
5,0.9557306420120909,-0.04527916084867257,NA,-0.04527916084867257,cognitive_score
10,2.4958953352160482,0.9146475166215772,NA,0.9599266774702497,cognitive_score
15,3.081302447676033,1.1253523802221428,NA,0.21070486360056562,cognitive_score
20,3.731082756759367,1.316698474845178,0.804,0.1913460946230352,cognitive_score
25,9.141671031748187,2.212843194986035,NA,0.8961447201408572,cognitive_score
30,17.88538200692525,2.883983731550548,0.914,0.6711405365645127,cognitive_score
35,36.9326944063505,3.609097186028392,NA,0.7251134544778441,cognitive_score
40,30.267241658755342,3.4100659942946563,NA,-0.19903119173373574,cognitive_score
45,42.19196990080798,3.7422299162244417,NA,0.3321639219297854,cognitive_score
50,72.23000335410309,4.279855518499181,NA,0.5376256022747392,cognitive_score
55,116.23513207029028,4.755615140118508,NA,0.4757596216193267,cognitive_score
60,178.68493579292723,5.185624119747608,NA,0.43000897962910045,cognitive_score
65,375.524414321172,5.928323487256171,NA,0.7426993675085631,cognitive_score
70,929.4414215982974,6.834583783764375,NA,0.9062602965082034,cognitive_score
75,1408.4225807854007,7.250225620087192,NA,0.41564183632281715,cognitive_score
80,1586.0404512159487,7.368995907049837,NA,0.11877028696264524,cognitive_score
85,2151.4571270581687,7.67390062507949,NA,0.30490471802965313,cognitive_score
90,5537.393100733379,8.619279109559088,NA,0.9453784844795976,cognitive_score
95,8373.134753508528,9.032783615889395,NA,0.4135045063303071,cognitive_score
100,12358.879832969047,9.422130098504118,NA,0.38934648261472304,cognitive_score
5,1.3210710101674836,0.27844277895349734,NA,0.27844277895349734,anxiety_score
10,1.3821218218536369,0.323619870414015,NA,0.04517709146051768,anxiety_score
15,1.403300277000523,0.3388268031671682,NA,0.015206932753153157,anxiety_score
20,1.297568967498315,0.2604924887865586,0.298,-0.07833431438060956,anxiety_score
25,1.1105132451907505,0.10482229151286904,NA,-0.15567019727368958,anxiety_score
30,1.0567759655657223,0.05522273131569724,0.27,-0.049599560197171794,anxiety_score
35,0.8786570185449559,-0.12936065249979273,NA,-0.18458338381548997,anxiety_score
40,1.4138340673049623,0.3463052107333002,0.29,0.4756658632330929,anxiety_score
45,1.9773588908628426,0.6817620607749775,NA,0.3354568500416773,anxiety_score
50,3.583744258086936,1.2764081360061188,0.414,0.5946460752311413,anxiety_score
55,5.335885562075103,1.6744548619956212,NA,0.3980467259895024,anxiety_score
60,7.1368375095660435,1.9652697523997862,0.622,0.29081489040416497,anxiety_score
65,6.562973546080528,1.8814437847171248,NA,-0.08382596768266137,anxiety_score
70,7.089666813425408,1.9586383455646708,0.586,0.07719456084754595,anxiety_score
75,10.075127679431752,2.310069780648898,NA,0.35143143508422714,anxiety_score
80,14.66815535746412,2.685678841744489,0.722,0.3756090610955911,anxiety_score
85,23.41825434534848,3.1535158184721923,NA,0.4678369767277033,anxiety_score
90,40.12960687773925,3.6921143880120346,NA,0.5385985695398423,anxiety_score
95,56.6792091273704,4.0374074614324424,NA,0.3452930734204078,anxiety_score
100,43.89908745198035,3.7818935328942387,NA,-0.25551392853820376,anxiety_score
