DV,Source,n,phase,phase_e,e_value,log_e
EffectivePostTest,safe_t_test,5,1,0.9779075029905767,0.9779075029905767,-0.022340191139320936
EffectivePostTest,safe_t_test,10,1,4.086496118189273,4.086496118189273,1.4076879080627367
EffectivePostTest,safe_t_test,15,1,5.404974404628532,5.404974404628532,1.687319715581075
EffectivePostTest,safe_t_test,20,1,6.633801238202162,6.633801238202162,1.892177978997056
EffectivePostTest,safe_t_test,25,1,18.895780059202792,18.895780059202792,2.938938619844654
EffectivePostTest,safe_t_test,30,1,28.014453002378424,28.014453002378424,3.3327205556571995
EffectivePostTest,safe_t_test,35,1,28.918601186209425,28.918601186209425,3.364485027732443
EffectivePostTest,safe_t_test,40,1,103.77943985659392,103.77943985659392,4.642267876513136
EffectivePostTest,safe_t_test,45,1,127.72125518163539,127.72125518163539,4.849850195402702
EffectivePostTest,safe_t_test,50,1,233.73042453109178,233.73042453109178,5.454168419340428
EffectivePostTest,safe_t_test,55,1,424.99381105736427,424.99381105736427,6.05207460660042
EffectivePostTest,safe_t_test,60,1,249.54148249488057,249.54148249488057,5.519625163876026
EffectivePostTest,safe_t_test,65,1,630.5076178377644,630.5076178377644,6.446525237548899
EffectivePostTest,safe_t_test,70,1,1283.1915378504277,1283.1915378504277,7.1571056425225725
EffectivePostTest,safe_t_test,75,1,4666.1657399392325,4666.1657399392325,8.448092972726188
EffectivePostTest,safe_t_test,80,1,6654.169322547652,6654.169322547652,8.802998902985596
EffectivePostTest,safe_t_test,85,1,17235.777487920845,17235.777487920845,9.754742588923971
EffectivePostTest,safe_t_test,90,1,37987.886908432556,37987.886908432556,10.545022622324415
EffectivePostTest,safe_t_test,95,1,42240.89431820475,42240.89431820475,10.651144090461997
EffectivePostTest,safe_t_test,100,1,119466.3448397092,119466.3448397092,11.690789977547134
EffectivePostTest,safe_t_test,105,1,90425.03046365442,90425.03046365442,11.412276393714402
EffectivePostTest,safe_t_test,110,1,103520.17331770287,103520.17331770287,11.547521783976977
EffectivePostTest,safe_t_test,115,1,261527.56162099986,261527.56162099986,12.474294955101378
EffectivePostTest,safe_t_test,120,1,665675.750242969,665675.750242969,13.408557969469943
EffectivePostTest,safe_t_test,124,1,1177998.465276458,1177998.465276458,13.979327340371478
TryB12,safe_t_test,5,1,1.4870553007529197,1.4870553007529197,0.39679785626392394
TryB12,safe_t_test,10,1,3.3063437577056987,3.3063437577056987,1.1958429739405696
TryB12,safe_t_test,15,1,3.1322913878560024,3.1322913878560024,1.1417648095149247
TryB12,safe_t_test,20,1,2.885659378095379,2.885659378095379,1.0597534277781322
TryB12,safe_t_test,25,1,7.8678415375538995,7.8678415375538995,2.062783760206293
TryB12,safe_t_test,30,1,7.130741918743969,7.130741918743969,1.9644152849375827
TryB12,safe_t_test,35,1,7.968784463108128,7.968784463108128,2.0755319671315444
TryB12,safe_t_test,40,1,11.038629772098108,11.038629772098108,2.4014009182998786
TryB12,safe_t_test,45,1,17.8579067612803,17.8579067612803,2.882446365963705
TryB12,safe_t_test,50,1,23.41471480277905,23.41471480277905,3.153364662453663
TryB12,safe_t_test,55,1,28.54659534665135,28.54659534665135,3.351537676684465
TryB12,safe_t_test,60,1,30.73798821008774,30.73798821008774,3.4254992906235833
TryB12,safe_t_test,65,1,41.805755935456915,41.805755935456915,3.7330340318558766
TryB12,safe_t_test,70,1,31.822880775870612,31.822880775870612,3.460185552308608
TryB12,safe_t_test,75,1,26.06958371366704,26.06958371366704,3.2607692597959423
TryB12,safe_t_test,80,1,11.829743667301223,11.829743667301223,2.4706170097336657
TryB12,safe_t_test,85,1,13.929065003663569,13.929065003663569,2.6339776644811037
TryB12,safe_t_test,90,1,15.189936834057324,15.189936834057324,2.720633158209129
TryB12,safe_t_test,95,1,11.276394068541588,11.276394068541588,2.4227115201883582
TryB12,safe_t_test,100,1,8.83529726974001,8.83529726974001,2.1787547520352737
TryB12,safe_t_test,105,1,3.6752014521041754,3.6752014521041754,1.301607948061504
TryB12,safe_t_test,110,1,2.0146484420897854,2.0146484420897854,0.7004447097500054
TryB12,safe_t_test,115,1,3.351103492722093,3.351103492722093,1.2092896924090035
TryB12,safe_t_test,120,1,4.499345536272102,4.499345536272102,1.5039319498154005
TryB12,safe_t_test,124,1,3.318017830065372,3.318017830065372,1.1993675654926244
ChildB12,safe_t_test,5,1,1.6470288460803129,1.6470288460803129,0.4989729653592593
ChildB12,safe_t_test,10,1,6.261755124919881,6.261755124919881,1.8344605172082453
ChildB12,safe_t_test,15,1,6.153471508320975,6.153471508320975,1.817016395461247
ChildB12,safe_t_test,20,1,10.596364446666252,10.596364446666252,2.360510965558452
ChildB12,safe_t_test,25,1,18.17964567187188,18.17964567187188,2.9003025985633544
ChildB12,safe_t_test,30,1,32.980505405099755,32.980505405099755,3.4959166416077183
ChildB12,safe_t_test,35,1,41.15731499804049,41.15731499804049,3.717401675554307
ChildB12,safe_t_test,40,1,77.62447058682677,77.62447058682677,4.351882720092888
ChildB12,safe_t_test,45,1,117.06173531382385,117.06173531382385,4.76270144789316
ChildB12,safe_t_test,50,1,168.55680600441895,168.55680600441895,5.127272820600333
ChildB12,safe_t_test,55,1,244.16147881287068,244.16147881287068,5.4978298048146055
ChildB12,safe_t_test,60,1,132.74805847584523,132.74805847584523,4.888453034597734
ChildB12,safe_t_test,65,1,74.63823161588144,74.63823161588144,4.312652864081059
ChildB12,safe_t_test,70,1,59.27714858622144,59.27714858622144,4.082223879058709
ChildB12,safe_t_test,75,1,44.271877827233425,44.271877827233425,3.790349663446288
ChildB12,safe_t_test,80,1,49.727892006048386,49.727892006048386,3.9065659830497816
ChildB12,safe_t_test,85,1,44.93124884700021,44.93124884700021,3.805133518088622
ChildB12,safe_t_test,90,1,33.12551927049487,33.12551927049487,3.500303960273929
ChildB12,safe_t_test,95,1,35.11897606075116,35.11897606075116,3.5587416128963056
ChildB12,safe_t_test,100,1,32.43440624188771,32.43440624188771,3.4792197804048968
ChildB12,safe_t_test,105,1,15.377444375917548,15.377444375917548,2.732901784855512
ChildB12,safe_t_test,110,1,9.776183834475814,9.776183834475814,2.2799492069246736
ChildB12,safe_t_test,115,1,4.781248440779341,4.781248440779341,1.5647016924811452
ChildB12,safe_t_test,120,1,6.2706088681298136,6.2706088681298136,1.8358734580848128
ChildB12,safe_t_test,124,1,3.4832813795562205,3.4832813795562205,1.2479747746715446
